{
    "cameras": {
        "right": {
            "type": "fisheye",
            "width": 1280,
            "height": 720,
            "fx": 320.606,
            "fy": 320.311,
            "cx": 642.637,
            "cy": 348.676,
            "k1": 0.0752761,
            "k2": 0.0382620,
            "k3": -0.0224308,
            "k4": 0.00248036,
            "rms_in": 0.10602196,
            "rms_ex": 0.70746266,
            "rvec": [
                4.6590683600329474e-02,
                2.9007356060820682e+00,
                -1.2098754591223821e+00
            ],
            "tvec": [
                2.0464994767200611e+00,
                1.0830356652963020e+00,
                -1.9006220869678192e-01
            ]
        },
        "rear": {
            "type": "fisheye",
            "width": 1280,
            "height": 720,
            "fx": 3.1604215020904763e+02,
            "fy": 3.1604215020904763e+02,
            "cx": 6.5781462800653094e+02,
            "cy": 3.4484654372129120e+02,
            "k1": 7.8656168059824685e-02,
            "k2": 3.1612450312731022e-02,
            "k3": -1.9612367256880002e-02,
            "k4": 2.3425362039370423e-03,
            "rms_in": 1.0545598629783014e-01,
            "rms_ex": 1.0209525332593663e+00,
            "rvec": [
                1.4507759132997611e+00, 
                1.4228700667371745e+00,
                -1.0575925411439542e+00
            ],
            "tvec": [
                8.5428122626631676e-03, 
                8.6370578463909842e-01,
                -7.8713129147440608e-01
            ]
        },
        "left": {
            "type": "fisheye",
            "width": 1280,
            "height": 720,
            "fx": 319.390,
            "fy": 319.459,
            "cx": 641.912,
            "cy": 323.807,
            "k1": 0.0772143,
            "k2": 0.0373292,
            "k3": -0.0213480,
            "k4": 0.00228130,
            "rms_in": 0.1066287,
            "rms_ex": 0.8682844,
            "rvec": [
                2.3177724848377643e+00,
                -2.8233754591972367e-02,
                -7.2503823359083924e-02
            ],
            "tvec": [
                -1.9849147926266830e+00,
                1.2270790269920511e+00,
                -1.8340859525198064e-01
            ]
        },
        "front": {
            "type": "fisheye",
            "width": 1280,
            "height": 720,
            "fx": 319.753,
            "fy": 319.830,
            "cx": 663.327,
            "cy": 326.033,
            "k1": 0.0735571,
            "k2": 0.0451192,
            "k3": -0.0279534,
            "k4": 0.00396714,
            "rms_in": 0.098742,
            "rms_ex": 1.54295,
            "rvec": [
                1.5895022488286967e+00,
                -1.5854748434842987e+00,
                9.0834238700623571e-01
            ],
            "tvec": [
                -1.2115412288011036e-02,
                2.0893794128363705e+00,
                -3.0116512702224272e+00
            ]
        }
    }
}
